{
    "loss": 43.17865753173828,
    "accuracy": 0.4313725531101227
}